customer_id,company_name,industry,region,employee_size,annual_revenue_usd,customer_since,customer_tier
C0001,Company_1,Manufacturing,North America,459,399116895,2022-04-08,Enterprise
C0002,Company_2,Manufacturing,North America,8985,47674928,2024-07-02,Enterprise
C0003,Company_3,Technology,Europe,3861,272310554,2024-01-18,Enterprise
C0004,Company_4,Manufacturing,Middle East,6923,119348156,2023-10-09,Enterprise
C0005,Company_5,Financial Services,LATAM,5624,150181041,2021-04-25,Mid-Market
C0006,Company_6,Technology,North America,6274,52924210,2022-06-20,Mid-Market
C0007,Company_7,Technology,LATAM,8835,68015535,2023-02-18,Mid-Market
C0008,Company_8,Manufacturing,Middle East,5975,310963575,2021-12-03,Enterprise
C0009,Company_9,Manufacturing,Europe,4791,43837990,2021-02-13,Mid-Market
C0010,Company_10,Healthcare,APAC,2714,199739393,2022-04-22,Mid-Market
C0011,Company_11,Manufacturing,North America,2853,287764160,2025-04-06,Mid-Market
C0012,Company_12,Healthcare,APAC,9175,118904996,2025-06-27,Enterprise
C0013,Company_13,Financial Services,North America,5218,216373707,2022-02-07,SMB
C0014,Company_14,Manufacturing,APAC,3533,352885954,2023-07-21,Mid-Market
C0015,Company_15,Financial Services,APAC,2337,133407135,2025-09-18,Mid-Market
C0016,Company_16,Manufacturing,Middle East,7069,483014990,2024-07-12,Enterprise
C0017,Company_17,Financial Services,Middle East,8135,49806619,2020-02-05,SMB
C0018,Company_18,Financial Services,LATAM,9821,35106178,2023-07-20,Mid-Market
C0019,Company_19,Retail,APAC,9114,463127581,2020-11-24,Enterprise
C0020,Company_20,Manufacturing,Middle East,4421,413638300,2025-06-04,Mid-Market
C0021,Company_21,Healthcare,Europe,7483,2742315,2025-12-09,SMB
C0022,Company_22,Financial Services,Middle East,1793,468356098,2025-05-27,SMB
C0023,Company_23,Retail,Middle East,3308,83054959,2022-03-18,SMB
C0024,Company_24,Technology,Middle East,5360,263318192,2020-02-12,Mid-Market
C0025,Company_25,Financial Services,North America,3996,472377815,2024-02-03,SMB
C0026,Company_26,Healthcare,North America,8777,412154230,2021-03-22,Mid-Market
C0027,Company_27,Retail,Europe,4392,284292704,2024-07-07,SMB
C0028,Company_28,Manufacturing,Europe,5157,215207359,2025-11-12,Mid-Market
C0029,Company_29,Retail,LATAM,2032,134093315,2021-02-11,Enterprise
C0030,Company_30,Retail,Middle East,3820,316916382,2021-01-03,SMB
C0031,Company_31,Manufacturing,North America,3800,37185272,2020-06-03,SMB
C0032,Company_32,Financial Services,APAC,8003,116017511,2024-03-24,SMB
C0033,Company_33,Retail,LATAM,4031,422239347,2023-07-07,Enterprise
C0034,Company_34,Technology,LATAM,5854,228407042,2023-08-28,SMB
C0035,Company_35,Technology,North America,1043,217155655,2025-06-26,Enterprise
C0036,Company_36,Financial Services,Europe,3166,288916220,2023-03-14,Enterprise
C0037,Company_37,Energy,LATAM,4142,470486071,2020-08-26,SMB
C0038,Company_38,Technology,North America,8906,449838894,2020-02-25,Enterprise
C0039,Company_39,Financial Services,LATAM,8006,259427335,2021-07-02,Enterprise
C0040,Company_40,Healthcare,North America,6446,143379807,2023-05-14,SMB
C0041,Company_41,Manufacturing,Middle East,8023,84105914,2021-05-07,Enterprise
C0042,Company_42,Retail,Middle East,1048,402566323,2022-01-02,SMB
C0043,Company_43,Healthcare,Middle East,8751,85521052,2020-09-03,Enterprise
C0044,Company_44,Technology,Middle East,1163,363501977,2021-07-04,SMB
C0045,Company_45,Financial Services,Middle East,9790,22336143,2024-02-14,SMB
C0046,Company_46,Retail,Middle East,8615,170849767,2022-04-22,SMB
C0047,Company_47,Energy,Europe,4401,213485908,2021-11-21,Mid-Market
C0048,Company_48,Healthcare,APAC,1238,6001198,2023-10-19,Enterprise
C0049,Company_49,Technology,Middle East,3542,272594777,2022-03-12,Enterprise
C0050,Company_50,Financial Services,APAC,4719,85689687,2023-09-23,Mid-Market
C0051,Company_51,Retail,Middle East,178,359556326,2024-05-22,Enterprise
C0052,Company_52,Financial Services,APAC,1941,478660874,2020-12-18,Enterprise
C0053,Company_53,Energy,APAC,9959,114080933,2025-06-07,SMB
C0054,Company_54,Manufacturing,APAC,8330,263278540,2022-01-03,SMB
C0055,Company_55,Healthcare,APAC,772,2903577,2022-03-21,Mid-Market
C0056,Company_56,Financial Services,LATAM,9088,379852327,2023-09-01,Enterprise
C0057,Company_57,Technology,Europe,8988,20342459,2022-10-18,Enterprise
C0058,Company_58,Healthcare,Europe,735,166494940,2022-01-12,Enterprise
C0059,Company_59,Manufacturing,Europe,1734,190879769,2024-07-20,SMB
C0060,Company_60,Financial Services,Europe,2712,430436077,2021-07-01,Enterprise
C0061,Company_61,Manufacturing,APAC,6795,431696708,2025-12-26,Enterprise
C0062,Company_62,Energy,Europe,1821,206375523,2020-08-08,Enterprise
C0063,Company_63,Healthcare,APAC,5050,441522114,2021-04-01,SMB
C0064,Company_64,Financial Services,LATAM,5428,150573877,2020-05-12,SMB
C0065,Company_65,Retail,LATAM,8835,178784731,2020-02-09,Enterprise
C0066,Company_66,Retail,APAC,676,59198175,2024-07-12,SMB
C0067,Company_67,Energy,LATAM,9982,275568165,2020-07-19,Enterprise
C0068,Company_68,Energy,North America,7194,1907996,2024-09-22,SMB
C0069,Company_69,Manufacturing,Europe,6017,232551028,2020-11-11,SMB
C0070,Company_70,Energy,North America,4970,273259323,2022-11-14,Mid-Market
C0071,Company_71,Healthcare,APAC,9133,69337118,2021-07-22,Mid-Market
C0072,Company_72,Manufacturing,Europe,9374,162571235,2023-09-27,Enterprise
C0073,Company_73,Energy,APAC,3493,231794441,2024-10-21,Mid-Market
C0074,Company_74,Healthcare,LATAM,7294,363724611,2021-09-16,SMB
C0075,Company_75,Financial Services,North America,4699,277731189,2025-11-20,Mid-Market
C0076,Company_76,Technology,Europe,5135,121603039,2021-03-01,Enterprise
C0077,Company_77,Financial Services,LATAM,1243,245499692,2023-11-19,Enterprise
C0078,Company_78,Manufacturing,LATAM,8149,215561996,2021-03-21,SMB
C0079,Company_79,Technology,North America,7015,118489440,2021-12-17,Mid-Market
C0080,Company_80,Technology,Middle East,4132,493562960,2020-08-05,Mid-Market
C0081,Company_81,Manufacturing,Middle East,9207,320681028,2022-08-20,SMB
C0082,Company_82,Retail,LATAM,9026,240398044,2021-12-28,Mid-Market
C0083,Company_83,Healthcare,APAC,4100,451897953,2025-05-25,SMB
C0084,Company_84,Healthcare,Europe,4549,237154802,2020-12-10,Enterprise
C0085,Company_85,Energy,APAC,5288,480440131,2024-02-05,Enterprise
C0086,Company_86,Financial Services,LATAM,2553,380255889,2021-02-14,Mid-Market
C0087,Company_87,Energy,Middle East,7683,224217093,2020-04-27,Mid-Market
C0088,Company_88,Healthcare,Middle East,370,460954507,2024-07-16,Enterprise
C0089,Company_89,Energy,APAC,6439,459191378,2023-09-24,SMB
C0090,Company_90,Retail,Middle East,3663,263116207,2021-05-14,Mid-Market
C0091,Company_91,Technology,LATAM,5557,360098790,2025-07-24,Enterprise
C0092,Company_92,Healthcare,Europe,8801,15477503,2023-10-19,SMB
C0093,Company_93,Technology,North America,7072,73853105,2023-03-02,Mid-Market
C0094,Company_94,Healthcare,APAC,3517,245114843,2022-06-25,Mid-Market
C0095,Company_95,Energy,LATAM,4183,449239386,2020-08-01,SMB
C0096,Company_96,Retail,North America,5783,121378356,2025-02-25,SMB
C0097,Company_97,Technology,North America,4101,108030950,2020-10-05,Enterprise
C0098,Company_98,Financial Services,LATAM,1924,303778860,2021-08-23,Mid-Market
C0099,Company_99,Energy,Europe,9976,327013512,2025-12-04,Enterprise
C0100,Company_100,Energy,North America,9531,14785996,2022-10-22,Mid-Market
C0101,Company_101,Healthcare,Europe,1295,318880118,2025-11-08,Enterprise
C0102,Company_102,Manufacturing,APAC,9887,433464533,2020-10-26,Enterprise
C0103,Company_103,Energy,Middle East,7068,356151564,2022-02-17,SMB
C0104,Company_104,Energy,North America,6932,442485549,2023-02-14,Mid-Market
C0105,Company_105,Manufacturing,LATAM,2556,234800381,2021-12-17,SMB
C0106,Company_106,Energy,Middle East,8867,416882460,2023-08-14,SMB
C0107,Company_107,Retail,APAC,5330,458260020,2021-02-09,Mid-Market
C0108,Company_108,Financial Services,LATAM,9386,328669338,2025-07-11,Enterprise
C0109,Company_109,Healthcare,APAC,3029,262751379,2021-06-26,Mid-Market
C0110,Company_110,Energy,APAC,9817,377445159,2022-09-01,SMB
C0111,Company_111,Financial Services,North America,4004,387587142,2023-08-18,Enterprise
C0112,Company_112,Manufacturing,LATAM,8091,241611877,2020-02-10,Enterprise
C0113,Company_113,Healthcare,Europe,5066,357460822,2024-06-16,SMB
C0114,Company_114,Retail,APAC,7021,401471036,2024-06-12,SMB
C0115,Company_115,Healthcare,APAC,5073,135971321,2021-02-24,Enterprise
C0116,Company_116,Energy,North America,8829,410197431,2025-03-07,Enterprise
C0117,Company_117,Manufacturing,LATAM,4580,390008608,2024-09-20,Mid-Market
C0118,Company_118,Technology,Europe,4903,123129095,2022-03-10,Enterprise
C0119,Company_119,Manufacturing,Middle East,2123,148269775,2020-01-18,Mid-Market
C0120,Company_120,Manufacturing,Europe,8092,56076321,2020-10-10,Mid-Market
C0121,Company_121,Healthcare,LATAM,5632,99979491,2020-05-28,Mid-Market
C0122,Company_122,Technology,North America,6615,265004426,2020-10-21,SMB
C0123,Company_123,Technology,Europe,2494,436478585,2024-05-03,Enterprise
C0124,Company_124,Technology,Middle East,6868,326514309,2024-10-08,SMB
C0125,Company_125,Healthcare,LATAM,7303,160640245,2024-07-10,SMB
C0126,Company_126,Retail,North America,1675,410491365,2021-11-07,Mid-Market
C0127,Company_127,Manufacturing,North America,2623,129776637,2021-09-03,Enterprise
C0128,Company_128,Technology,LATAM,7431,371103308,2024-08-10,Enterprise
C0129,Company_129,Financial Services,APAC,4682,378413569,2023-02-22,Enterprise
C0130,Company_130,Energy,Middle East,3291,229244747,2020-09-08,SMB
C0131,Company_131,Financial Services,APAC,2380,39337865,2020-03-26,Mid-Market
C0132,Company_132,Retail,Middle East,4778,236768714,2020-08-23,Mid-Market
C0133,Company_133,Manufacturing,LATAM,4510,269688955,2024-08-15,Enterprise
C0134,Company_134,Retail,North America,7128,395349899,2022-10-09,Enterprise
C0135,Company_135,Technology,Europe,9474,316209223,2020-11-27,Mid-Market
C0136,Company_136,Retail,North America,2920,253598205,2024-11-15,Mid-Market
C0137,Company_137,Financial Services,Middle East,7191,341797448,2023-02-16,Mid-Market
C0138,Company_138,Healthcare,APAC,5310,360775190,2020-03-11,Mid-Market
C0139,Company_139,Manufacturing,LATAM,4772,356721827,2023-09-02,Mid-Market
C0140,Company_140,Technology,APAC,4185,174556292,2020-07-28,SMB
C0141,Company_141,Technology,Middle East,7619,222860602,2020-04-17,Mid-Market
C0142,Company_142,Retail,LATAM,7292,409016814,2020-04-09,SMB
C0143,Company_143,Financial Services,APAC,7228,473900924,2025-08-04,Enterprise
C0144,Company_144,Manufacturing,Middle East,3970,382061753,2021-05-18,Enterprise
C0145,Company_145,Retail,LATAM,1577,121635244,2020-08-04,SMB
C0146,Company_146,Financial Services,LATAM,4831,274198582,2025-05-14,Mid-Market
C0147,Company_147,Healthcare,Europe,7533,296958184,2021-07-07,SMB
C0148,Company_148,Retail,Europe,1193,149309195,2023-06-26,SMB
C0149,Company_149,Energy,North America,4684,390795655,2022-10-19,SMB
C0150,Company_150,Healthcare,Europe,7366,290148246,2023-06-11,SMB
C0151,Company_151,Retail,LATAM,7510,173752899,2021-12-08,SMB
C0152,Company_152,Healthcare,Europe,6780,24432965,2022-12-16,SMB
C0153,Company_153,Healthcare,LATAM,2542,266927541,2020-03-17,SMB
C0154,Company_154,Energy,North America,7263,54532310,2024-08-01,SMB
C0155,Company_155,Financial Services,LATAM,2579,41173111,2023-05-11,SMB
C0156,Company_156,Manufacturing,LATAM,1365,458288011,2022-11-28,SMB
C0157,Company_157,Healthcare,APAC,8044,469357066,2024-01-20,Enterprise
C0158,Company_158,Financial Services,APAC,3777,401917140,2020-07-04,SMB
C0159,Company_159,Manufacturing,North America,7319,90316412,2025-05-01,Enterprise
C0160,Company_160,Energy,North America,4856,193448542,2022-07-05,Enterprise
C0161,Company_161,Retail,LATAM,9322,367038786,2021-03-06,Enterprise
C0162,Company_162,Retail,LATAM,3995,268183069,2024-03-08,Mid-Market
C0163,Company_163,Manufacturing,APAC,7579,138077481,2025-01-26,Mid-Market
C0164,Company_164,Energy,Middle East,2638,40654306,2023-06-19,Mid-Market
C0165,Company_165,Manufacturing,LATAM,4147,246261856,2022-04-13,Mid-Market
C0166,Company_166,Technology,Europe,6298,308048659,2022-10-10,SMB
C0167,Company_167,Energy,North America,6534,148360534,2020-10-28,SMB
C0168,Company_168,Manufacturing,North America,9985,401061254,2023-05-25,Enterprise
C0169,Company_169,Retail,APAC,3638,342781620,2021-10-09,SMB
C0170,Company_170,Manufacturing,Europe,1641,486011168,2025-11-02,Mid-Market
C0171,Company_171,Healthcare,North America,9545,196883382,2025-03-03,Mid-Market
C0172,Company_172,Energy,LATAM,2927,108800886,2021-09-12,SMB
C0173,Company_173,Retail,APAC,2745,138959761,2023-05-24,Mid-Market
C0174,Company_174,Technology,LATAM,1283,76568347,2021-11-24,SMB
C0175,Company_175,Healthcare,Middle East,6042,49480985,2023-01-09,SMB
C0176,Company_176,Technology,LATAM,6088,362221985,2025-11-09,SMB
C0177,Company_177,Healthcare,APAC,1825,363300116,2021-08-01,SMB
C0178,Company_178,Retail,APAC,3676,348705726,2020-11-27,Mid-Market
C0179,Company_179,Manufacturing,APAC,6739,63639917,2021-01-02,Mid-Market
C0180,Company_180,Healthcare,North America,1642,127057305,2024-03-13,Mid-Market
C0181,Company_181,Energy,Middle East,6916,316325947,2025-12-05,Mid-Market
C0182,Company_182,Manufacturing,North America,8067,331525766,2023-05-02,SMB
C0183,Company_183,Energy,Europe,7314,239744268,2021-06-04,SMB
C0184,Company_184,Energy,Middle East,5926,33507582,2023-05-07,Enterprise
C0185,Company_185,Healthcare,North America,3525,345512462,2025-10-01,Enterprise
C0186,Company_186,Energy,Europe,2113,423505651,2024-04-03,SMB
C0187,Company_187,Financial Services,Middle East,3588,437504494,2021-06-25,Enterprise
C0188,Company_188,Retail,North America,4592,461853279,2021-03-18,Mid-Market
C0189,Company_189,Financial Services,North America,472,71761320,2020-06-26,Enterprise
C0190,Company_190,Retail,APAC,308,94547717,2022-01-05,SMB
C0191,Company_191,Healthcare,Middle East,1912,401325999,2020-08-15,Mid-Market
C0192,Company_192,Retail,Middle East,1836,243668563,2024-04-20,Enterprise
C0193,Company_193,Manufacturing,Middle East,4991,246909704,2025-01-02,Mid-Market
C0194,Company_194,Healthcare,LATAM,1818,264211084,2025-08-03,Enterprise
C0195,Company_195,Energy,Middle East,2480,36262882,2021-05-20,SMB
C0196,Company_196,Retail,Middle East,5377,205496488,2024-09-10,Mid-Market
C0197,Company_197,Retail,Middle East,7098,54246029,2025-02-28,SMB
C0198,Company_198,Manufacturing,Middle East,3572,231892040,2023-04-14,Mid-Market
C0199,Company_199,Healthcare,LATAM,6865,392707735,2020-06-14,Mid-Market
C0200,Company_200,Manufacturing,APAC,6182,82947397,2025-08-03,Enterprise
C0201,Company_201,Technology,North America,7125,52842632,2025-12-12,Enterprise
C0202,Company_202,Retail,North America,9658,302499410,2024-06-22,Enterprise
C0203,Company_203,Healthcare,APAC,6979,467053421,2025-01-10,SMB
C0204,Company_204,Energy,APAC,1747,311267641,2024-04-05,SMB
C0205,Company_205,Healthcare,Europe,1823,188966017,2024-06-04,Mid-Market
C0206,Company_206,Retail,Europe,7080,454739223,2024-10-20,SMB
C0207,Company_207,Manufacturing,Middle East,480,327951654,2025-12-09,Enterprise
C0208,Company_208,Financial Services,APAC,5112,495746688,2022-06-01,Enterprise
C0209,Company_209,Financial Services,Middle East,6616,38358390,2021-12-21,Enterprise
C0210,Company_210,Technology,Middle East,3574,202967833,2023-08-11,Enterprise
C0211,Company_211,Energy,APAC,5364,418060446,2024-10-03,Enterprise
C0212,Company_212,Financial Services,Europe,865,362834199,2020-05-15,SMB
C0213,Company_213,Healthcare,LATAM,9996,238320664,2023-05-07,SMB
C0214,Company_214,Technology,APAC,7093,60533493,2022-11-22,SMB
C0215,Company_215,Healthcare,Middle East,5103,25383261,2021-07-20,Enterprise
C0216,Company_216,Technology,Europe,4988,114405378,2021-05-10,Mid-Market
C0217,Company_217,Technology,North America,8199,402050152,2023-03-05,Mid-Market
C0218,Company_218,Retail,Europe,8246,300962429,2025-06-03,Mid-Market
C0219,Company_219,Manufacturing,North America,7197,11061787,2023-02-28,Mid-Market
C0220,Company_220,Retail,LATAM,9444,218122881,2025-11-14,Mid-Market
C0221,Company_221,Technology,LATAM,391,175358591,2021-10-15,SMB
C0222,Company_222,Energy,North America,7205,454379088,2020-04-14,SMB
C0223,Company_223,Healthcare,Middle East,1338,213475625,2022-12-11,Enterprise
C0224,Company_224,Energy,Europe,1301,275063627,2025-02-17,SMB
C0225,Company_225,Financial Services,APAC,5802,391508681,2025-03-08,Enterprise
C0226,Company_226,Financial Services,APAC,3282,94146579,2024-03-25,SMB
C0227,Company_227,Technology,Europe,8145,250082907,2024-10-15,SMB
C0228,Company_228,Retail,Middle East,5345,464989007,2025-06-05,Mid-Market
C0229,Company_229,Technology,LATAM,7295,339972304,2022-05-19,Enterprise
C0230,Company_230,Energy,Middle East,1265,167648945,2023-08-02,Enterprise
C0231,Company_231,Energy,APAC,1307,347102674,2020-10-20,SMB
C0232,Company_232,Healthcare,LATAM,9558,298596333,2025-01-15,SMB
C0233,Company_233,Manufacturing,Europe,5317,325810034,2023-09-05,Enterprise
C0234,Company_234,Healthcare,North America,5676,384495242,2020-09-21,Enterprise
C0235,Company_235,Technology,Europe,7222,236912778,2024-09-20,Enterprise
C0236,Company_236,Energy,APAC,4684,208992683,2023-06-22,SMB
C0237,Company_237,Technology,APAC,1129,178001379,2020-09-22,Mid-Market
C0238,Company_238,Energy,APAC,9924,469838450,2021-06-03,SMB
C0239,Company_239,Manufacturing,Europe,5781,167554393,2025-12-22,Mid-Market
C0240,Company_240,Financial Services,Middle East,1438,167205509,2024-07-21,Mid-Market
C0241,Company_241,Financial Services,Middle East,1581,347831933,2025-07-17,Mid-Market
C0242,Company_242,Technology,APAC,5110,97777917,2021-06-25,Mid-Market
C0243,Company_243,Financial Services,Europe,2303,84185559,2020-05-28,Enterprise
C0244,Company_244,Retail,Middle East,8676,21265528,2025-06-25,SMB
C0245,Company_245,Financial Services,Middle East,6222,83813821,2021-03-27,SMB
C0246,Company_246,Retail,Europe,7220,24457195,2023-06-22,SMB
C0247,Company_247,Financial Services,LATAM,4718,404936928,2025-08-08,SMB
C0248,Company_248,Financial Services,APAC,7734,486317525,2021-06-22,SMB
C0249,Company_249,Healthcare,LATAM,4666,418752160,2023-09-17,Mid-Market
C0250,Company_250,Financial Services,Europe,9956,75302145,2022-01-21,Mid-Market
C0251,Company_251,Energy,Middle East,1730,382930491,2024-02-10,Enterprise
C0252,Company_252,Financial Services,APAC,7411,487032571,2024-03-27,Mid-Market
C0253,Company_253,Technology,Europe,7441,475931992,2022-01-14,Enterprise
C0254,Company_254,Healthcare,Middle East,6176,127582388,2023-02-12,Enterprise
C0255,Company_255,Technology,APAC,1673,451529337,2025-11-11,Enterprise
C0256,Company_256,Financial Services,North America,4750,493523316,2023-12-27,Enterprise
C0257,Company_257,Manufacturing,LATAM,7399,331362580,2020-02-01,Mid-Market
C0258,Company_258,Financial Services,Europe,9041,391431203,2024-09-14,Enterprise
C0259,Company_259,Energy,Europe,4984,66416832,2020-04-14,SMB
C0260,Company_260,Retail,LATAM,1079,60516376,2023-10-18,Enterprise
C0261,Company_261,Manufacturing,Middle East,9471,130889545,2025-03-10,Mid-Market
C0262,Company_262,Technology,Middle East,5830,130151943,2024-07-06,SMB
C0263,Company_263,Manufacturing,North America,8626,194597668,2020-09-18,SMB
C0264,Company_264,Retail,Middle East,383,210623251,2023-01-21,Mid-Market
C0265,Company_265,Energy,APAC,316,192713312,2020-06-08,SMB
C0266,Company_266,Manufacturing,North America,9583,395700507,2022-03-02,Mid-Market
C0267,Company_267,Retail,APAC,2918,446808830,2025-08-23,Mid-Market
C0268,Company_268,Manufacturing,Europe,2259,34876842,2025-08-02,Mid-Market
C0269,Company_269,Financial Services,North America,3318,476555093,2020-06-10,SMB
C0270,Company_270,Healthcare,Middle East,7806,136996793,2020-11-07,Mid-Market
C0271,Company_271,Energy,North America,5488,147682051,2020-06-14,Mid-Market
C0272,Company_272,Manufacturing,LATAM,6384,183018902,2021-08-23,Mid-Market
C0273,Company_273,Energy,Middle East,4419,431113104,2020-12-14,Enterprise
C0274,Company_274,Healthcare,Middle East,3006,293849337,2022-06-04,Enterprise
C0275,Company_275,Energy,APAC,5071,240399201,2024-12-14,Enterprise
C0276,Company_276,Manufacturing,LATAM,5809,241050909,2020-12-28,Mid-Market
C0277,Company_277,Retail,LATAM,4548,344312471,2020-02-22,SMB
C0278,Company_278,Healthcare,APAC,8456,431085127,2025-11-06,Enterprise
C0279,Company_279,Financial Services,Middle East,7229,19682554,2021-02-08,SMB
C0280,Company_280,Energy,APAC,6322,305537151,2020-10-05,SMB
C0281,Company_281,Healthcare,APAC,6145,239338089,2020-10-05,SMB
C0282,Company_282,Energy,LATAM,5200,349730267,2022-04-04,Enterprise
C0283,Company_283,Manufacturing,Europe,8226,278962376,2023-09-04,Mid-Market
C0284,Company_284,Energy,LATAM,3565,329499062,2022-12-16,Enterprise
C0285,Company_285,Technology,Europe,1263,243688571,2021-12-15,Enterprise
C0286,Company_286,Manufacturing,APAC,5742,381931648,2020-09-18,Mid-Market
C0287,Company_287,Energy,Europe,2902,427112500,2022-09-08,Enterprise
C0288,Company_288,Financial Services,Europe,3928,425328305,2023-01-12,SMB
C0289,Company_289,Retail,APAC,7707,432462602,2024-03-20,Enterprise
C0290,Company_290,Technology,APAC,6573,385900794,2025-08-17,Mid-Market
C0291,Company_291,Healthcare,Middle East,1258,68284302,2022-11-03,Mid-Market
C0292,Company_292,Healthcare,Middle East,5694,69899118,2024-11-19,Enterprise
C0293,Company_293,Financial Services,LATAM,8288,489934925,2020-02-17,Enterprise
C0294,Company_294,Energy,Europe,2703,174227168,2025-04-12,SMB
C0295,Company_295,Energy,North America,4155,106388788,2025-09-09,Enterprise
C0296,Company_296,Manufacturing,APAC,8790,51158992,2024-11-06,SMB
C0297,Company_297,Retail,Europe,2854,354654517,2024-12-20,Mid-Market
C0298,Company_298,Retail,North America,514,44606188,2020-11-25,SMB
C0299,Company_299,Energy,Europe,9423,224653325,2024-11-01,Mid-Market
C0300,Company_300,Manufacturing,Middle East,4795,345621350,2022-08-08,SMB
C0301,Company_301,Healthcare,APAC,7480,40177092,2025-01-06,Mid-Market
C0302,Company_302,Healthcare,LATAM,7659,110534021,2022-10-05,Mid-Market
C0303,Company_303,Manufacturing,APAC,5708,215059350,2021-06-17,SMB
C0304,Company_304,Technology,APAC,4010,251435553,2020-05-15,Enterprise
C0305,Company_305,Financial Services,North America,879,156806380,2023-10-14,Enterprise
C0306,Company_306,Financial Services,APAC,9514,388152879,2022-04-25,Enterprise
C0307,Company_307,Healthcare,Middle East,7698,268769577,2022-08-01,Enterprise
C0308,Company_308,Healthcare,Middle East,7541,130240206,2021-10-12,Enterprise
C0309,Company_309,Technology,APAC,8158,321790447,2025-11-16,Mid-Market
C0310,Company_310,Retail,North America,1811,232352585,2021-05-24,Mid-Market
C0311,Company_311,Healthcare,APAC,791,216060622,2020-10-18,Enterprise
C0312,Company_312,Energy,Middle East,4778,40477056,2023-09-15,SMB
C0313,Company_313,Energy,Middle East,1996,70075629,2020-07-12,Mid-Market
C0314,Company_314,Retail,APAC,2413,107868386,2024-09-13,SMB
C0315,Company_315,Technology,North America,687,74570841,2025-06-26,Mid-Market
C0316,Company_316,Retail,LATAM,2490,326483636,2024-03-11,SMB
C0317,Company_317,Energy,Europe,6488,331981179,2025-05-19,Mid-Market
C0318,Company_318,Retail,Middle East,8771,263984419,2025-10-10,Mid-Market
C0319,Company_319,Technology,APAC,5477,362747055,2020-07-19,Mid-Market
C0320,Company_320,Manufacturing,North America,9829,255793680,2022-11-26,SMB
C0321,Company_321,Retail,Europe,891,314276674,2023-03-17,SMB
C0322,Company_322,Manufacturing,Middle East,6279,80336479,2025-04-02,SMB
C0323,Company_323,Manufacturing,North America,3175,11166923,2023-06-14,Enterprise
C0324,Company_324,Healthcare,Europe,6773,270412294,2024-08-28,SMB
C0325,Company_325,Manufacturing,North America,2312,279465928,2021-09-11,SMB
C0326,Company_326,Healthcare,Middle East,6223,169444640,2021-08-18,Mid-Market
C0327,Company_327,Retail,APAC,4381,328532370,2023-04-08,Mid-Market
C0328,Company_328,Retail,APAC,3734,160780600,2022-12-07,SMB
C0329,Company_329,Manufacturing,LATAM,5244,258592500,2022-09-26,SMB
C0330,Company_330,Energy,APAC,2046,308883012,2025-09-13,Mid-Market
C0331,Company_331,Energy,Europe,4808,23584272,2022-12-03,Mid-Market
C0332,Company_332,Healthcare,APAC,7899,115883295,2021-09-09,SMB
C0333,Company_333,Manufacturing,APAC,2299,59640574,2024-12-19,Enterprise
C0334,Company_334,Financial Services,North America,8750,122156543,2025-04-02,Enterprise
C0335,Company_335,Healthcare,APAC,7789,54979634,2025-03-01,SMB
C0336,Company_336,Financial Services,LATAM,7843,257328220,2025-04-25,Mid-Market
C0337,Company_337,Energy,APAC,1019,488444940,2020-11-19,Enterprise
C0338,Company_338,Retail,North America,2918,225350289,2021-01-27,Mid-Market
C0339,Company_339,Healthcare,Europe,4792,471697906,2020-01-10,SMB
C0340,Company_340,Retail,North America,5539,153772872,2023-11-18,SMB
C0341,Company_341,Healthcare,Europe,8311,252266739,2022-04-26,Enterprise
C0342,Company_342,Energy,Europe,7568,349045542,2022-12-06,Enterprise
C0343,Company_343,Manufacturing,APAC,4883,305825222,2025-04-06,SMB
C0344,Company_344,Manufacturing,LATAM,7057,277639198,2022-02-13,SMB
C0345,Company_345,Technology,Europe,2353,257331218,2022-04-01,Mid-Market
C0346,Company_346,Healthcare,Europe,7369,405670021,2022-06-10,SMB
C0347,Company_347,Manufacturing,Middle East,237,141420279,2025-06-23,Enterprise
C0348,Company_348,Technology,North America,7675,165715401,2021-07-22,SMB
C0349,Company_349,Manufacturing,APAC,1973,343905530,2022-06-20,Enterprise
C0350,Company_350,Financial Services,Europe,7884,83240874,2023-12-20,Mid-Market
C0351,Company_351,Healthcare,Middle East,7764,407599465,2024-11-27,Enterprise
C0352,Company_352,Financial Services,Middle East,1391,283129237,2023-09-23,Mid-Market
C0353,Company_353,Technology,Middle East,1888,34156099,2024-09-07,SMB
C0354,Company_354,Retail,Europe,2745,177156812,2024-08-04,SMB
C0355,Company_355,Financial Services,Middle East,8058,49823920,2024-08-26,Enterprise
C0356,Company_356,Healthcare,Europe,8459,224029369,2023-10-02,SMB
C0357,Company_357,Healthcare,APAC,406,213573345,2022-01-24,Enterprise
C0358,Company_358,Retail,North America,792,228470802,2022-12-03,SMB
C0359,Company_359,Technology,North America,7784,18037531,2022-07-06,Enterprise
C0360,Company_360,Manufacturing,LATAM,6185,479531087,2023-08-28,Mid-Market
C0361,Company_361,Healthcare,North America,8885,72398357,2025-06-04,Enterprise
C0362,Company_362,Retail,LATAM,8714,69368944,2025-04-27,Enterprise
C0363,Company_363,Technology,APAC,7635,362582480,2025-09-14,SMB
C0364,Company_364,Healthcare,Europe,4105,248296312,2022-03-09,Enterprise
C0365,Company_365,Manufacturing,North America,577,435585289,2025-07-20,Enterprise
C0366,Company_366,Financial Services,Europe,1152,55168509,2024-01-15,SMB
C0367,Company_367,Manufacturing,North America,4059,398574965,2020-07-15,Enterprise
C0368,Company_368,Retail,Europe,974,76234714,2024-05-08,SMB
C0369,Company_369,Retail,APAC,9511,322004604,2025-06-08,Mid-Market
C0370,Company_370,Financial Services,Middle East,3671,223028445,2022-05-02,SMB
C0371,Company_371,Retail,Europe,7049,299420054,2023-01-12,SMB
C0372,Company_372,Manufacturing,LATAM,8642,172119259,2025-07-14,Enterprise
C0373,Company_373,Energy,LATAM,3062,406024059,2024-08-08,Enterprise
C0374,Company_374,Energy,Europe,7636,492097930,2020-09-14,Mid-Market
C0375,Company_375,Retail,Middle East,2246,209530891,2021-05-07,Mid-Market
C0376,Company_376,Manufacturing,North America,7419,455801272,2022-02-18,SMB
C0377,Company_377,Financial Services,North America,4448,203490515,2025-10-20,Enterprise
C0378,Company_378,Technology,Europe,9676,389858412,2025-09-07,Mid-Market
C0379,Company_379,Financial Services,APAC,5017,489012524,2020-04-07,SMB
C0380,Company_380,Technology,LATAM,4024,374461516,2024-12-07,Mid-Market
C0381,Company_381,Financial Services,Middle East,5319,417350847,2022-07-15,SMB
C0382,Company_382,Manufacturing,APAC,5103,141424830,2022-09-16,Mid-Market
C0383,Company_383,Technology,LATAM,5296,491877451,2021-06-11,Mid-Market
C0384,Company_384,Technology,Middle East,3675,398956841,2021-01-09,SMB
C0385,Company_385,Retail,Middle East,6891,159480153,2021-04-11,Enterprise
C0386,Company_386,Healthcare,Middle East,4076,269060440,2024-11-22,Mid-Market
C0387,Company_387,Energy,LATAM,8087,248405685,2021-12-26,Mid-Market
C0388,Company_388,Financial Services,Europe,9004,263162829,2021-09-21,Enterprise
C0389,Company_389,Retail,North America,1267,440158209,2025-01-25,Enterprise
C0390,Company_390,Healthcare,Europe,3841,37490009,2025-03-01,Enterprise
C0391,Company_391,Retail,LATAM,6164,33453908,2024-11-22,SMB
C0392,Company_392,Healthcare,LATAM,307,4549981,2024-09-14,Enterprise
C0393,Company_393,Technology,Middle East,4551,288622203,2022-01-17,SMB
C0394,Company_394,Manufacturing,LATAM,2987,58454005,2020-09-05,Enterprise
C0395,Company_395,Financial Services,Middle East,8675,136515984,2022-05-26,Mid-Market
C0396,Company_396,Technology,APAC,6702,247422538,2024-04-23,Enterprise
C0397,Company_397,Energy,North America,569,51197700,2023-07-13,SMB
C0398,Company_398,Healthcare,North America,204,378337118,2021-02-16,Mid-Market
C0399,Company_399,Manufacturing,APAC,9320,461613933,2020-09-02,Enterprise
C0400,Company_400,Financial Services,Middle East,7840,146543049,2020-02-22,Mid-Market
C0401,Company_401,Retail,Middle East,589,97290213,2022-01-07,SMB
C0402,Company_402,Financial Services,LATAM,1310,161673056,2021-10-08,SMB
C0403,Company_403,Healthcare,Middle East,5485,207075866,2025-03-26,SMB
C0404,Company_404,Manufacturing,North America,8254,401213940,2022-01-04,Mid-Market
C0405,Company_405,Financial Services,North America,5630,325897493,2024-10-13,Mid-Market
C0406,Company_406,Technology,APAC,7431,264390725,2021-06-18,Mid-Market
C0407,Company_407,Healthcare,Europe,9648,355695529,2023-02-25,SMB
C0408,Company_408,Energy,Europe,1254,45043822,2022-03-13,SMB
C0409,Company_409,Manufacturing,Europe,6433,171015331,2022-02-03,Enterprise
C0410,Company_410,Energy,LATAM,5946,409744787,2022-02-05,Enterprise
C0411,Company_411,Financial Services,LATAM,7403,300029060,2024-09-14,Enterprise
C0412,Company_412,Technology,North America,5848,298544493,2020-10-20,Mid-Market
C0413,Company_413,Healthcare,North America,4831,223162588,2023-02-24,SMB
C0414,Company_414,Financial Services,Middle East,8587,92044139,2025-07-06,Enterprise
C0415,Company_415,Energy,APAC,4447,265743900,2021-02-06,Mid-Market
C0416,Company_416,Energy,LATAM,4961,260969706,2020-06-09,Enterprise
C0417,Company_417,Manufacturing,LATAM,9778,332071537,2021-08-04,Enterprise
C0418,Company_418,Energy,North America,6533,179357757,2024-07-26,Mid-Market
C0419,Company_419,Healthcare,APAC,7105,438805059,2025-10-05,Mid-Market
C0420,Company_420,Energy,Middle East,3340,258166397,2022-03-13,Mid-Market
C0421,Company_421,Energy,LATAM,9485,420819295,2021-06-13,Mid-Market
C0422,Company_422,Healthcare,APAC,1915,303714939,2021-10-18,Enterprise
C0423,Company_423,Manufacturing,Middle East,490,391419703,2023-12-07,Mid-Market
C0424,Company_424,Energy,North America,6753,362302124,2023-03-21,Mid-Market
C0425,Company_425,Financial Services,APAC,2575,384989613,2023-07-03,Mid-Market
C0426,Company_426,Retail,LATAM,9589,216180599,2024-09-28,SMB
C0427,Company_427,Healthcare,Middle East,652,425515059,2022-12-26,SMB
C0428,Company_428,Retail,North America,1841,413829061,2021-11-22,Mid-Market
C0429,Company_429,Financial Services,Middle East,775,303376588,2025-11-21,Mid-Market
C0430,Company_430,Energy,LATAM,1785,6662794,2020-05-08,SMB
C0431,Company_431,Manufacturing,Middle East,9192,312663386,2025-10-08,Mid-Market
C0432,Company_432,Energy,LATAM,7636,415648077,2025-10-23,SMB
C0433,Company_433,Financial Services,APAC,452,260185754,2020-05-14,Enterprise
C0434,Company_434,Technology,Europe,5757,168444855,2022-08-26,Enterprise
C0435,Company_435,Retail,LATAM,5756,256637813,2020-08-24,SMB
C0436,Company_436,Healthcare,APAC,1150,162203053,2020-12-04,Enterprise
C0437,Company_437,Energy,North America,2742,398547267,2021-09-06,SMB
C0438,Company_438,Financial Services,APAC,9222,229905318,2023-04-26,Mid-Market
C0439,Company_439,Manufacturing,Europe,3103,344854476,2025-07-13,Enterprise
C0440,Company_440,Manufacturing,Middle East,3282,242363747,2024-07-13,Enterprise
C0441,Company_441,Manufacturing,Europe,3421,150435241,2025-02-19,Enterprise
C0442,Company_442,Retail,Europe,6043,176011817,2021-08-04,Mid-Market
C0443,Company_443,Manufacturing,LATAM,8696,344118808,2022-10-13,SMB
C0444,Company_444,Healthcare,Middle East,1921,187790619,2022-08-20,Enterprise
C0445,Company_445,Manufacturing,APAC,9719,46500867,2025-03-11,Enterprise
C0446,Company_446,Financial Services,APAC,1966,99271279,2022-12-05,SMB
C0447,Company_447,Healthcare,LATAM,9821,75016940,2024-07-14,Enterprise
C0448,Company_448,Healthcare,Middle East,2888,298916422,2021-08-10,Enterprise
C0449,Company_449,Financial Services,APAC,7439,333543203,2020-06-01,Mid-Market
C0450,Company_450,Financial Services,Europe,6340,302497082,2024-11-16,Mid-Market
C0451,Company_451,Manufacturing,LATAM,6859,382254782,2023-08-06,Enterprise
C0452,Company_452,Retail,North America,3663,157814576,2020-05-08,SMB
C0453,Company_453,Energy,Europe,7542,304681277,2025-08-18,SMB
C0454,Company_454,Technology,Middle East,1921,144821761,2024-06-18,Enterprise
C0455,Company_455,Manufacturing,LATAM,9001,118328806,2023-02-24,SMB
C0456,Company_456,Financial Services,APAC,578,242448214,2022-06-28,Enterprise
C0457,Company_457,Healthcare,North America,3932,113677482,2025-10-23,Mid-Market
C0458,Company_458,Manufacturing,Middle East,7065,90110703,2024-03-26,Enterprise
C0459,Company_459,Financial Services,North America,9390,189342625,2024-05-20,SMB
C0460,Company_460,Financial Services,APAC,4844,156334600,2024-05-28,SMB
C0461,Company_461,Manufacturing,North America,2271,403703723,2023-01-09,SMB
C0462,Company_462,Financial Services,Europe,4140,79513851,2025-06-27,Enterprise
C0463,Company_463,Manufacturing,LATAM,8069,77327815,2024-11-09,SMB
C0464,Company_464,Healthcare,LATAM,7455,41542490,2025-02-13,SMB
C0465,Company_465,Manufacturing,APAC,6096,245112864,2023-06-19,Enterprise
C0466,Company_466,Manufacturing,North America,7561,341827423,2025-12-12,Enterprise
C0467,Company_467,Retail,LATAM,3618,231662883,2021-08-09,Mid-Market
C0468,Company_468,Energy,APAC,9017,311275762,2021-10-28,Mid-Market
C0469,Company_469,Energy,North America,802,54458780,2025-08-01,Enterprise
C0470,Company_470,Financial Services,LATAM,7529,1362884,2023-04-23,Enterprise
C0471,Company_471,Manufacturing,APAC,2654,470452470,2022-02-21,Mid-Market
C0472,Company_472,Energy,North America,6142,357755448,2025-03-02,Mid-Market
C0473,Company_473,Manufacturing,APAC,3886,231441605,2025-02-23,Enterprise
C0474,Company_474,Technology,Europe,7862,42843035,2021-10-08,SMB
C0475,Company_475,Manufacturing,LATAM,202,5328558,2025-06-27,Enterprise
C0476,Company_476,Healthcare,Europe,7876,39025659,2021-07-03,SMB
C0477,Company_477,Technology,North America,5183,198333176,2022-03-13,Enterprise
C0478,Company_478,Manufacturing,Europe,1170,285814463,2024-01-20,SMB
C0479,Company_479,Financial Services,LATAM,5803,388852743,2021-11-24,Enterprise
C0480,Company_480,Healthcare,Middle East,7298,462688865,2021-02-04,Enterprise
C0481,Company_481,Technology,Middle East,6341,189729258,2023-06-26,Enterprise
C0482,Company_482,Financial Services,APAC,1430,134233656,2024-10-20,SMB
C0483,Company_483,Retail,APAC,489,456208605,2025-05-07,SMB
C0484,Company_484,Retail,Middle East,3140,402495498,2023-05-21,Enterprise
C0485,Company_485,Financial Services,LATAM,6372,61528792,2021-08-21,SMB
C0486,Company_486,Technology,Middle East,247,194863122,2022-03-13,SMB
C0487,Company_487,Healthcare,APAC,9001,367651720,2021-08-25,Enterprise
C0488,Company_488,Technology,Middle East,1156,8405289,2022-04-02,Enterprise
C0489,Company_489,Healthcare,Middle East,4743,338461322,2025-09-25,Mid-Market
C0490,Company_490,Healthcare,LATAM,1400,344885837,2024-09-20,Enterprise
C0491,Company_491,Energy,North America,5127,43424376,2024-04-26,Enterprise
C0492,Company_492,Retail,APAC,6451,315841052,2025-11-22,SMB
C0493,Company_493,Technology,APAC,7217,392893419,2021-01-08,Enterprise
C0494,Company_494,Healthcare,North America,7478,329724337,2024-01-10,SMB
C0495,Company_495,Manufacturing,Europe,2006,7799454,2025-03-23,Enterprise
C0496,Company_496,Financial Services,LATAM,5730,281786364,2024-12-09,Enterprise
C0497,Company_497,Energy,Europe,4453,394491931,2020-01-11,Mid-Market
C0498,Company_498,Energy,Middle East,1096,142170016,2025-10-21,Enterprise
C0499,Company_499,Healthcare,LATAM,8418,194340044,2020-08-28,SMB
C0500,Company_500,Financial Services,APAC,2627,137964402,2020-10-22,SMB
C0501,Company_501,Technology,Europe,8386,2378958,2020-01-08,Enterprise
C0502,Company_502,Healthcare,APAC,6324,495042865,2021-03-28,Enterprise
C0503,Company_503,Retail,LATAM,3728,173766141,2021-07-24,Mid-Market
C0504,Company_504,Energy,North America,9414,201149860,2020-09-22,Enterprise
C0505,Company_505,Financial Services,Europe,8500,25657724,2023-02-15,Mid-Market
C0506,Company_506,Energy,APAC,1465,297938680,2023-01-12,Enterprise
C0507,Company_507,Energy,Middle East,5029,398056832,2024-04-15,Mid-Market
C0508,Company_508,Retail,LATAM,3251,394238258,2024-04-05,Enterprise
C0509,Company_509,Healthcare,North America,3867,291739865,2022-11-27,SMB
C0510,Company_510,Technology,APAC,73,408446987,2025-07-28,SMB
C0511,Company_511,Manufacturing,APAC,1753,111162888,2024-04-14,Mid-Market
C0512,Company_512,Technology,Europe,4634,50943298,2020-04-28,SMB
C0513,Company_513,Healthcare,APAC,7561,402525434,2020-10-04,SMB
C0514,Company_514,Financial Services,LATAM,1276,318771618,2024-01-14,SMB
C0515,Company_515,Financial Services,Europe,4828,141118442,2022-07-23,SMB
C0516,Company_516,Energy,APAC,7467,147005198,2021-02-07,Enterprise
C0517,Company_517,Retail,North America,2596,57724573,2021-08-15,Mid-Market
C0518,Company_518,Healthcare,North America,8830,193354105,2021-08-10,Mid-Market
C0519,Company_519,Energy,North America,1531,85619110,2025-05-27,SMB
C0520,Company_520,Manufacturing,Middle East,710,116438405,2022-03-03,SMB
C0521,Company_521,Financial Services,APAC,6542,276661564,2020-11-10,Mid-Market
C0522,Company_522,Financial Services,North America,6675,459810582,2023-09-24,SMB
C0523,Company_523,Financial Services,North America,7620,55711089,2021-02-01,Enterprise
C0524,Company_524,Financial Services,Europe,3296,443206297,2023-06-22,SMB
C0525,Company_525,Manufacturing,North America,9590,315670110,2022-02-01,Enterprise
C0526,Company_526,Financial Services,LATAM,2160,50380653,2022-02-02,Mid-Market
C0527,Company_527,Technology,Europe,9452,233549056,2025-07-16,Enterprise
C0528,Company_528,Healthcare,LATAM,2881,191021839,2021-03-09,Mid-Market
C0529,Company_529,Healthcare,Europe,617,330695956,2024-10-08,SMB
C0530,Company_530,Energy,LATAM,6800,474938138,2024-08-02,Enterprise
C0531,Company_531,Energy,LATAM,2298,226074983,2021-11-26,SMB
C0532,Company_532,Financial Services,Middle East,369,206352092,2025-06-16,SMB
C0533,Company_533,Healthcare,APAC,9317,270720327,2022-07-09,Enterprise
C0534,Company_534,Technology,APAC,9833,118585571,2020-05-02,Mid-Market
C0535,Company_535,Retail,APAC,9618,125963214,2021-02-08,SMB
C0536,Company_536,Financial Services,APAC,8793,439239756,2025-01-25,Enterprise
C0537,Company_537,Retail,LATAM,5863,451554015,2021-03-08,SMB
C0538,Company_538,Energy,APAC,9742,16143284,2025-12-12,SMB
C0539,Company_539,Retail,Europe,9275,102057178,2023-09-10,Enterprise
C0540,Company_540,Healthcare,North America,1528,31154955,2021-10-08,Enterprise
C0541,Company_541,Retail,LATAM,61,179098329,2024-04-26,Enterprise
C0542,Company_542,Energy,Europe,5351,32973865,2020-03-19,SMB
C0543,Company_543,Financial Services,North America,8672,463068403,2022-02-12,SMB
C0544,Company_544,Manufacturing,LATAM,9651,55241233,2022-05-11,Enterprise
C0545,Company_545,Financial Services,LATAM,8032,349526003,2022-03-23,SMB
C0546,Company_546,Manufacturing,Middle East,5896,120849565,2025-10-27,Enterprise
C0547,Company_547,Healthcare,APAC,4875,69369635,2021-12-01,SMB
C0548,Company_548,Retail,LATAM,9347,18385353,2021-10-11,SMB
C0549,Company_549,Financial Services,Middle East,1755,267387326,2021-06-24,Enterprise
C0550,Company_550,Financial Services,APAC,5284,91133871,2025-02-27,SMB
C0551,Company_551,Manufacturing,APAC,7367,7117979,2022-04-08,SMB
C0552,Company_552,Technology,APAC,4255,423528149,2020-12-01,Enterprise
C0553,Company_553,Healthcare,LATAM,6925,90302270,2023-08-13,Mid-Market
C0554,Company_554,Retail,LATAM,1711,445962357,2023-10-21,SMB
C0555,Company_555,Financial Services,Europe,7443,40572427,2020-05-01,Mid-Market
C0556,Company_556,Energy,North America,1265,184506882,2021-07-06,SMB
C0557,Company_557,Technology,Middle East,1575,182435836,2024-10-16,SMB
C0558,Company_558,Technology,LATAM,2753,327051167,2023-03-02,Enterprise
C0559,Company_559,Energy,Europe,3162,220730454,2025-09-24,SMB
C0560,Company_560,Retail,APAC,4662,160665758,2021-02-02,Mid-Market
C0561,Company_561,Retail,Middle East,8093,83457968,2020-06-01,Mid-Market
C0562,Company_562,Technology,APAC,9883,258874344,2021-02-01,Enterprise
C0563,Company_563,Financial Services,APAC,1392,255246307,2020-05-26,Mid-Market
C0564,Company_564,Healthcare,LATAM,4391,49928737,2025-09-13,Enterprise
C0565,Company_565,Energy,LATAM,6102,101170953,2023-01-09,Mid-Market
C0566,Company_566,Healthcare,APAC,3756,450403235,2022-10-02,Enterprise
C0567,Company_567,Manufacturing,North America,1454,359705560,2022-09-14,SMB
C0568,Company_568,Financial Services,Middle East,1049,452399543,2023-09-14,SMB
C0569,Company_569,Manufacturing,LATAM,9433,474334318,2021-08-10,Enterprise
C0570,Company_570,Healthcare,North America,8276,307671364,2024-10-22,SMB
C0571,Company_571,Financial Services,North America,7407,93813690,2021-04-26,Enterprise
C0572,Company_572,Financial Services,North America,6986,43073777,2025-07-07,SMB
C0573,Company_573,Financial Services,Middle East,4275,172664198,2025-02-03,Mid-Market
C0574,Company_574,Retail,LATAM,9094,176087994,2022-09-15,Enterprise
C0575,Company_575,Manufacturing,Middle East,9676,281548343,2023-02-14,Enterprise
C0576,Company_576,Financial Services,Middle East,9682,313822376,2020-02-19,Enterprise
C0577,Company_577,Energy,Middle East,5683,472315517,2023-05-13,SMB
C0578,Company_578,Healthcare,Middle East,7800,21114228,2021-05-13,Enterprise
C0579,Company_579,Retail,Middle East,6631,21821214,2023-06-23,Enterprise
C0580,Company_580,Technology,LATAM,4450,482590045,2022-01-11,Mid-Market
C0581,Company_581,Energy,APAC,8104,461761288,2025-11-04,Enterprise
C0582,Company_582,Financial Services,APAC,7309,416554673,2022-05-24,Mid-Market
C0583,Company_583,Retail,North America,3129,238144795,2021-07-24,Mid-Market
C0584,Company_584,Retail,APAC,970,277633312,2021-02-10,SMB
C0585,Company_585,Retail,LATAM,2272,420036565,2024-10-01,Enterprise
C0586,Company_586,Financial Services,Europe,994,134944066,2020-08-02,Mid-Market
C0587,Company_587,Manufacturing,Europe,4538,198757434,2023-09-13,SMB
C0588,Company_588,Technology,North America,4013,200966569,2023-10-15,Enterprise
C0589,Company_589,Healthcare,Middle East,9083,188775917,2022-03-27,Mid-Market
C0590,Company_590,Manufacturing,North America,4720,15737368,2023-01-06,SMB
C0591,Company_591,Financial Services,Europe,3738,364834864,2021-05-21,Mid-Market
C0592,Company_592,Retail,North America,195,255528997,2021-11-06,SMB
C0593,Company_593,Technology,Europe,4185,327602135,2022-12-23,SMB
C0594,Company_594,Energy,LATAM,6218,458191845,2022-08-09,Enterprise
C0595,Company_595,Healthcare,APAC,8580,443548503,2024-07-19,Enterprise
C0596,Company_596,Technology,Middle East,6181,302429993,2025-10-20,Mid-Market
C0597,Company_597,Energy,North America,7942,35272256,2022-05-21,Mid-Market
C0598,Company_598,Energy,APAC,4945,102125050,2021-09-25,Enterprise
C0599,Company_599,Technology,Middle East,6670,355619519,2022-11-05,SMB
C0600,Company_600,Technology,LATAM,4893,140278417,2023-07-13,SMB
C0601,Company_601,Technology,Middle East,9422,439094556,2021-06-24,SMB
C0602,Company_602,Financial Services,Middle East,7844,487687710,2025-06-17,Mid-Market
C0603,Company_603,Financial Services,Middle East,3017,158724115,2020-08-05,SMB
C0604,Company_604,Energy,Middle East,3049,365917796,2022-11-03,Enterprise
C0605,Company_605,Energy,Europe,5081,226739489,2022-06-09,SMB
C0606,Company_606,Energy,LATAM,1979,253617399,2020-11-19,SMB
C0607,Company_607,Retail,North America,7786,478506982,2021-09-04,SMB
C0608,Company_608,Healthcare,Middle East,4938,222785269,2020-03-05,Enterprise
C0609,Company_609,Energy,LATAM,9379,480342575,2023-03-11,SMB
C0610,Company_610,Financial Services,North America,8038,179579072,2025-03-11,SMB
C0611,Company_611,Technology,North America,7456,147849153,2021-03-19,Enterprise
C0612,Company_612,Healthcare,North America,2170,330896299,2023-11-14,Mid-Market
C0613,Company_613,Healthcare,LATAM,6330,3506727,2020-09-07,SMB
C0614,Company_614,Energy,North America,5329,407329532,2024-04-01,SMB
C0615,Company_615,Technology,Europe,3757,373333263,2022-05-05,Enterprise
C0616,Company_616,Healthcare,Middle East,9694,165344290,2021-02-27,Enterprise
C0617,Company_617,Energy,APAC,7519,391751780,2024-10-17,Mid-Market
C0618,Company_618,Healthcare,Europe,5665,484926730,2023-06-25,Enterprise
C0619,Company_619,Financial Services,LATAM,363,123631135,2021-12-05,Enterprise
C0620,Company_620,Manufacturing,North America,9711,271923079,2021-02-12,SMB
C0621,Company_621,Manufacturing,North America,6197,471591048,2025-05-25,SMB
C0622,Company_622,Retail,North America,9780,26748528,2025-02-21,Enterprise
C0623,Company_623,Technology,North America,6878,239539416,2023-02-18,Mid-Market
C0624,Company_624,Healthcare,Europe,3416,374228379,2025-11-01,Mid-Market
C0625,Company_625,Healthcare,North America,8574,145942879,2024-10-23,Enterprise
C0626,Company_626,Healthcare,North America,8431,386884676,2024-02-10,Enterprise
C0627,Company_627,Technology,LATAM,3304,327955357,2021-05-27,SMB
C0628,Company_628,Financial Services,APAC,6763,159565470,2021-01-18,Mid-Market
C0629,Company_629,Financial Services,LATAM,5466,126899058,2020-01-22,Enterprise
C0630,Company_630,Technology,Middle East,8145,81071339,2020-09-03,SMB
C0631,Company_631,Manufacturing,North America,4242,346925680,2021-08-10,Mid-Market
C0632,Company_632,Healthcare,North America,1685,437571839,2021-01-28,Mid-Market
C0633,Company_633,Energy,APAC,7029,397500751,2020-02-28,Enterprise
C0634,Company_634,Technology,Europe,2843,177448439,2022-08-20,Mid-Market
C0635,Company_635,Manufacturing,North America,6155,438530621,2022-03-04,Mid-Market
C0636,Company_636,Healthcare,LATAM,4503,449667501,2023-12-28,Mid-Market
C0637,Company_637,Healthcare,Europe,1902,72141610,2025-12-02,Enterprise
C0638,Company_638,Technology,LATAM,9728,260134085,2024-11-15,Enterprise
C0639,Company_639,Retail,LATAM,5925,329220552,2020-11-27,SMB
C0640,Company_640,Financial Services,LATAM,8047,61632846,2023-08-02,Enterprise
C0641,Company_641,Energy,APAC,252,379262156,2025-09-25,SMB
C0642,Company_642,Retail,Middle East,3719,360619948,2022-09-17,SMB
C0643,Company_643,Manufacturing,Middle East,1610,233383450,2025-12-08,Mid-Market
C0644,Company_644,Energy,LATAM,2485,451452421,2024-10-02,Enterprise
C0645,Company_645,Manufacturing,Europe,8333,456720497,2023-08-28,Enterprise
C0646,Company_646,Technology,LATAM,5303,130327810,2022-05-02,SMB
C0647,Company_647,Financial Services,Middle East,6253,217507684,2021-02-15,Mid-Market
C0648,Company_648,Retail,LATAM,1492,460877837,2023-08-11,Enterprise
C0649,Company_649,Healthcare,North America,1731,217595017,2023-01-18,SMB
C0650,Company_650,Technology,North America,9949,333358610,2025-05-17,SMB
C0651,Company_651,Financial Services,LATAM,5634,196068005,2020-04-28,Mid-Market
C0652,Company_652,Energy,Middle East,9879,255011710,2025-11-12,SMB
C0653,Company_653,Healthcare,North America,1646,408656794,2025-04-01,Mid-Market
C0654,Company_654,Energy,APAC,9023,281238609,2022-12-04,Enterprise
C0655,Company_655,Financial Services,LATAM,2351,442221271,2025-12-24,Mid-Market
C0656,Company_656,Technology,APAC,3259,101686598,2020-07-07,Mid-Market
C0657,Company_657,Financial Services,APAC,1815,407491458,2023-01-21,SMB
C0658,Company_658,Retail,North America,7431,246558247,2025-10-17,Enterprise
C0659,Company_659,Healthcare,North America,8739,396251844,2020-09-14,SMB
C0660,Company_660,Healthcare,Middle East,2953,372416804,2024-03-24,Enterprise
C0661,Company_661,Technology,LATAM,9889,326430085,2022-09-13,Mid-Market
C0662,Company_662,Retail,Europe,4532,214604826,2022-05-15,Enterprise
C0663,Company_663,Financial Services,LATAM,9921,376817305,2025-09-10,SMB
C0664,Company_664,Retail,APAC,9119,340615567,2021-04-07,SMB
C0665,Company_665,Manufacturing,APAC,5707,495561060,2025-03-23,SMB
C0666,Company_666,Financial Services,Middle East,8938,373755902,2025-06-23,Enterprise
C0667,Company_667,Energy,Middle East,7920,313891735,2024-11-23,Mid-Market
C0668,Company_668,Manufacturing,Middle East,4734,472092000,2023-01-17,Enterprise
C0669,Company_669,Technology,LATAM,2431,29489054,2025-01-07,Mid-Market
C0670,Company_670,Financial Services,APAC,4155,79613143,2020-12-26,Mid-Market
C0671,Company_671,Financial Services,Middle East,579,193566166,2023-02-20,SMB
C0672,Company_672,Manufacturing,Middle East,3725,399579803,2025-09-13,Enterprise
C0673,Company_673,Retail,APAC,819,498402745,2023-07-14,SMB
C0674,Company_674,Energy,Middle East,931,7960659,2025-05-07,SMB
C0675,Company_675,Healthcare,Europe,6075,406395362,2024-09-24,SMB
C0676,Company_676,Financial Services,Europe,4869,241955677,2021-11-03,Enterprise
C0677,Company_677,Financial Services,Middle East,2005,203506759,2020-07-09,SMB
C0678,Company_678,Energy,Europe,2686,314525127,2022-01-11,Mid-Market
C0679,Company_679,Manufacturing,Europe,704,83518874,2022-10-02,SMB
C0680,Company_680,Retail,APAC,8087,425078726,2024-09-12,Enterprise
C0681,Company_681,Manufacturing,APAC,8658,119091207,2021-09-03,SMB
C0682,Company_682,Financial Services,LATAM,8947,289318983,2023-02-12,Enterprise
C0683,Company_683,Financial Services,APAC,5474,194701859,2022-04-25,SMB
C0684,Company_684,Retail,LATAM,9246,443214340,2025-01-04,SMB
C0685,Company_685,Energy,LATAM,3987,486597839,2025-10-20,Enterprise
C0686,Company_686,Technology,APAC,6298,492737476,2020-07-09,SMB
C0687,Company_687,Manufacturing,APAC,454,490269751,2024-06-17,SMB
C0688,Company_688,Healthcare,LATAM,768,160146773,2025-04-11,SMB
C0689,Company_689,Technology,North America,2792,416172217,2024-09-01,SMB
C0690,Company_690,Technology,Europe,3542,465366952,2025-07-27,Enterprise
C0691,Company_691,Financial Services,Middle East,7180,348119877,2020-12-22,Enterprise
C0692,Company_692,Technology,LATAM,5484,21340060,2020-02-02,Enterprise
C0693,Company_693,Energy,Middle East,1204,309680528,2021-05-14,Mid-Market
C0694,Company_694,Healthcare,LATAM,7144,170868236,2020-07-22,Enterprise
C0695,Company_695,Retail,North America,1086,406853252,2025-10-02,SMB
C0696,Company_696,Technology,APAC,8288,57981085,2022-11-10,SMB
C0697,Company_697,Technology,APAC,7220,205769855,2023-11-01,Mid-Market
C0698,Company_698,Financial Services,Middle East,3652,74219236,2025-07-26,SMB
C0699,Company_699,Energy,Europe,4933,364616786,2025-11-12,Enterprise
C0700,Company_700,Retail,Middle East,2366,67161372,2020-01-19,SMB
C0701,Company_701,Healthcare,Middle East,9020,46702133,2022-04-24,SMB
C0702,Company_702,Manufacturing,APAC,3519,222542194,2025-09-05,Enterprise
C0703,Company_703,Financial Services,Europe,4190,105328094,2020-03-22,SMB
C0704,Company_704,Technology,Middle East,7607,347106994,2024-02-10,SMB
C0705,Company_705,Technology,APAC,1658,106987761,2025-10-16,Mid-Market
C0706,Company_706,Energy,Europe,3892,54711282,2022-10-03,Enterprise
C0707,Company_707,Energy,LATAM,7433,177279456,2024-11-10,SMB
C0708,Company_708,Retail,Europe,9316,305331663,2022-06-14,Enterprise
C0709,Company_709,Technology,APAC,4083,422798063,2021-12-24,SMB
C0710,Company_710,Healthcare,APAC,5939,73104893,2025-12-11,Mid-Market
C0711,Company_711,Healthcare,LATAM,5927,416949845,2022-08-18,Enterprise
C0712,Company_712,Financial Services,Middle East,1393,452934173,2022-03-18,Enterprise
C0713,Company_713,Energy,North America,1285,479945324,2020-09-21,Enterprise
C0714,Company_714,Retail,Middle East,6687,413961241,2024-04-02,SMB
C0715,Company_715,Energy,Middle East,8892,254458876,2025-03-12,Mid-Market
C0716,Company_716,Financial Services,Middle East,4817,72876953,2023-09-17,Enterprise
C0717,Company_717,Healthcare,APAC,8277,6686365,2025-04-28,SMB
C0718,Company_718,Manufacturing,Europe,8473,76360940,2023-03-06,SMB
C0719,Company_719,Retail,Europe,7971,193626890,2020-04-25,Mid-Market
C0720,Company_720,Financial Services,North America,4381,199339004,2021-01-22,Enterprise
C0721,Company_721,Retail,APAC,6408,253154429,2023-01-02,SMB
C0722,Company_722,Energy,North America,8592,341143682,2022-12-09,SMB
C0723,Company_723,Retail,Middle East,2898,203217566,2025-07-12,SMB
C0724,Company_724,Manufacturing,North America,8515,136069426,2023-04-17,Mid-Market
C0725,Company_725,Energy,APAC,8026,426554731,2023-10-01,SMB
C0726,Company_726,Financial Services,LATAM,2763,124475355,2020-09-21,Mid-Market
C0727,Company_727,Financial Services,Europe,3112,85480584,2022-10-23,Enterprise
C0728,Company_728,Manufacturing,Europe,6843,436494989,2022-12-04,Mid-Market
C0729,Company_729,Manufacturing,LATAM,7898,114120823,2024-03-21,Mid-Market
C0730,Company_730,Technology,Europe,756,69657796,2024-10-06,Enterprise
C0731,Company_731,Manufacturing,Middle East,692,479243356,2024-03-02,Enterprise
C0732,Company_732,Energy,Europe,8514,218677703,2024-10-21,Enterprise
C0733,Company_733,Manufacturing,APAC,1454,117282706,2023-10-16,Mid-Market
C0734,Company_734,Financial Services,Europe,6780,323572831,2021-10-27,Enterprise
C0735,Company_735,Retail,Middle East,4383,91044903,2025-11-11,Mid-Market
C0736,Company_736,Retail,Middle East,1177,124380336,2023-07-05,Enterprise
C0737,Company_737,Technology,Europe,8614,462489774,2024-11-14,Enterprise
C0738,Company_738,Retail,North America,2956,256480320,2024-10-02,SMB
C0739,Company_739,Retail,North America,1576,259901128,2025-03-20,SMB
C0740,Company_740,Technology,LATAM,8603,226853015,2022-01-23,SMB
C0741,Company_741,Healthcare,Europe,7949,424889425,2023-06-19,SMB
C0742,Company_742,Manufacturing,Middle East,1650,229432880,2021-05-16,Enterprise
C0743,Company_743,Technology,APAC,9852,471710330,2024-07-09,Enterprise
C0744,Company_744,Technology,North America,9519,281536866,2020-09-01,Mid-Market
C0745,Company_745,Manufacturing,Europe,5225,220497030,2022-02-05,Mid-Market
C0746,Company_746,Manufacturing,Middle East,4205,141285920,2024-07-19,Mid-Market
C0747,Company_747,Retail,APAC,6561,406322455,2021-07-18,SMB
C0748,Company_748,Healthcare,Europe,6115,301161212,2024-08-09,Mid-Market
C0749,Company_749,Retail,APAC,6572,396020187,2021-11-04,SMB
C0750,Company_750,Financial Services,LATAM,2700,54836674,2021-09-13,Mid-Market
C0751,Company_751,Retail,Middle East,902,87295563,2023-11-01,Enterprise
C0752,Company_752,Financial Services,LATAM,9884,234741483,2020-02-09,Enterprise
C0753,Company_753,Energy,North America,668,389960137,2023-07-20,SMB
C0754,Company_754,Retail,APAC,9838,31850228,2021-11-16,Mid-Market
C0755,Company_755,Technology,Europe,8539,154548577,2021-01-26,SMB
C0756,Company_756,Retail,Middle East,3845,331277610,2021-11-02,Mid-Market
C0757,Company_757,Financial Services,North America,2629,47623376,2022-07-12,SMB
C0758,Company_758,Healthcare,LATAM,9652,108540818,2024-01-24,SMB
C0759,Company_759,Technology,North America,9054,153736436,2025-09-19,Mid-Market
C0760,Company_760,Energy,APAC,3757,326538874,2021-08-13,SMB
C0761,Company_761,Technology,APAC,2917,219578737,2024-02-18,Enterprise
C0762,Company_762,Retail,APAC,5620,63818727,2024-05-18,SMB
C0763,Company_763,Energy,LATAM,6228,303348842,2023-04-25,Mid-Market
C0764,Company_764,Healthcare,LATAM,9664,463795224,2020-08-04,Mid-Market
C0765,Company_765,Technology,LATAM,3660,364414887,2025-04-26,Mid-Market
C0766,Company_766,Healthcare,APAC,8512,288575928,2020-12-27,Mid-Market
C0767,Company_767,Financial Services,APAC,1573,215174252,2025-12-27,Mid-Market
C0768,Company_768,Technology,Middle East,2974,256848763,2022-06-07,SMB
C0769,Company_769,Energy,Europe,3165,268898230,2025-04-08,SMB
C0770,Company_770,Financial Services,APAC,3437,124054856,2021-04-27,SMB
C0771,Company_771,Energy,Europe,1797,65359273,2020-11-22,Mid-Market
C0772,Company_772,Retail,North America,8921,23689841,2023-06-20,Mid-Market
C0773,Company_773,Healthcare,Middle East,4551,264499117,2021-09-09,Mid-Market
C0774,Company_774,Financial Services,Middle East,2151,30070577,2024-07-16,SMB
C0775,Company_775,Technology,Middle East,5739,212375160,2025-03-15,Enterprise
C0776,Company_776,Manufacturing,Middle East,7587,170463983,2025-01-01,SMB
C0777,Company_777,Financial Services,LATAM,9569,55088579,2022-06-20,Mid-Market
C0778,Company_778,Financial Services,Middle East,4356,128313114,2022-08-20,Mid-Market
C0779,Company_779,Energy,Europe,8221,228602600,2021-07-23,Mid-Market
C0780,Company_780,Energy,LATAM,4631,242983286,2021-10-05,SMB
C0781,Company_781,Manufacturing,Europe,1686,387984853,2022-04-18,Mid-Market
C0782,Company_782,Healthcare,Europe,2439,430516838,2025-03-16,Enterprise
C0783,Company_783,Financial Services,LATAM,8235,73193933,2025-09-18,SMB
C0784,Company_784,Energy,LATAM,4965,135740656,2024-10-02,Mid-Market
C0785,Company_785,Technology,Europe,1033,116678136,2022-08-27,SMB
C0786,Company_786,Technology,LATAM,5533,140462484,2022-06-18,SMB
C0787,Company_787,Energy,APAC,374,222062454,2020-06-28,SMB
C0788,Company_788,Retail,Europe,9501,310180981,2025-11-18,Enterprise
C0789,Company_789,Energy,APAC,5376,362417652,2024-08-25,SMB
C0790,Company_790,Healthcare,North America,6293,330458228,2022-08-21,Enterprise
C0791,Company_791,Financial Services,APAC,6961,339912329,2024-10-13,Enterprise
C0792,Company_792,Technology,Europe,5679,123523572,2022-06-21,Mid-Market
C0793,Company_793,Manufacturing,APAC,9968,347090770,2023-05-15,Mid-Market
C0794,Company_794,Manufacturing,Middle East,8585,242746880,2023-03-06,Enterprise
C0795,Company_795,Financial Services,Europe,4172,400365032,2025-12-03,Enterprise
C0796,Company_796,Financial Services,LATAM,1737,52300014,2020-08-18,Enterprise
C0797,Company_797,Technology,LATAM,8634,411704298,2020-02-09,SMB
C0798,Company_798,Financial Services,North America,6437,167092106,2021-04-24,Mid-Market
C0799,Company_799,Healthcare,Europe,2200,283792636,2021-01-02,SMB
C0800,Company_800,Energy,APAC,7851,251822587,2024-05-18,Mid-Market
C0801,Company_801,Financial Services,Middle East,2950,318199938,2024-08-21,SMB
C0802,Company_802,Manufacturing,Middle East,7176,282030342,2025-11-18,Mid-Market
C0803,Company_803,Energy,LATAM,8891,122938655,2020-08-10,Mid-Market
C0804,Company_804,Healthcare,APAC,2601,163979470,2020-01-17,Enterprise
C0805,Company_805,Energy,APAC,7737,288279028,2020-12-16,Mid-Market
C0806,Company_806,Energy,North America,7102,429404078,2022-10-08,Enterprise
C0807,Company_807,Retail,APAC,3139,222049008,2024-07-13,Enterprise
C0808,Company_808,Financial Services,LATAM,6249,119429657,2022-02-14,SMB
C0809,Company_809,Financial Services,Middle East,4504,153834720,2025-12-18,Mid-Market
C0810,Company_810,Healthcare,Europe,1171,98929108,2021-05-04,SMB
C0811,Company_811,Healthcare,Middle East,7468,147100896,2025-10-16,Enterprise
C0812,Company_812,Energy,North America,2542,27646012,2024-01-06,Enterprise
C0813,Company_813,Energy,APAC,2098,384967897,2023-12-01,Enterprise
C0814,Company_814,Technology,Europe,291,265988505,2021-06-14,Mid-Market
C0815,Company_815,Healthcare,APAC,7647,375164020,2020-06-03,Enterprise
C0816,Company_816,Technology,APAC,6479,39324366,2024-08-06,Enterprise
C0817,Company_817,Energy,LATAM,256,66477610,2025-04-13,Mid-Market
C0818,Company_818,Financial Services,North America,3313,248408710,2025-02-17,SMB
C0819,Company_819,Financial Services,LATAM,6425,366846557,2022-06-06,SMB
C0820,Company_820,Manufacturing,North America,9054,280670155,2020-05-16,SMB
C0821,Company_821,Energy,Europe,5955,477483445,2020-11-07,Enterprise
C0822,Company_822,Financial Services,LATAM,5366,9089413,2021-05-19,Enterprise
C0823,Company_823,Healthcare,Europe,196,23545018,2024-12-16,SMB
C0824,Company_824,Retail,Europe,6134,414818488,2020-04-06,Mid-Market
C0825,Company_825,Technology,Middle East,5594,408785756,2025-01-02,Mid-Market
C0826,Company_826,Manufacturing,Europe,8837,425915206,2020-03-16,Enterprise
C0827,Company_827,Energy,Middle East,5740,433463141,2023-12-07,Enterprise
C0828,Company_828,Manufacturing,LATAM,5918,389908839,2021-05-02,Mid-Market
C0829,Company_829,Manufacturing,LATAM,9209,159223695,2024-12-16,Enterprise
C0830,Company_830,Retail,Europe,8956,187651052,2022-12-15,Mid-Market
C0831,Company_831,Retail,Middle East,2677,37977834,2024-03-15,Mid-Market
C0832,Company_832,Energy,Middle East,6064,244781798,2020-11-17,Mid-Market
C0833,Company_833,Manufacturing,Europe,356,333717481,2022-10-08,Mid-Market
C0834,Company_834,Manufacturing,North America,8880,440723978,2023-04-17,SMB
C0835,Company_835,Healthcare,Middle East,2575,330122939,2022-06-14,SMB
C0836,Company_836,Energy,North America,1627,281891149,2025-02-02,Enterprise
C0837,Company_837,Financial Services,North America,3360,58474807,2023-04-04,Enterprise
C0838,Company_838,Retail,LATAM,8076,283298193,2024-12-19,Mid-Market
C0839,Company_839,Technology,APAC,3666,326318874,2025-02-01,Enterprise
C0840,Company_840,Manufacturing,LATAM,1360,252287337,2025-01-12,SMB
C0841,Company_841,Manufacturing,LATAM,6096,427409495,2025-01-27,SMB
C0842,Company_842,Energy,Middle East,716,395224494,2020-05-03,Enterprise
C0843,Company_843,Retail,North America,1708,390323717,2021-09-13,Enterprise
C0844,Company_844,Financial Services,Middle East,4125,307031273,2025-03-18,SMB
C0845,Company_845,Retail,LATAM,1778,412395277,2025-10-12,SMB
C0846,Company_846,Healthcare,LATAM,1755,90555070,2021-09-13,SMB
C0847,Company_847,Energy,Europe,8797,323077305,2023-06-11,SMB
C0848,Company_848,Energy,APAC,6805,411268357,2025-07-27,SMB
C0849,Company_849,Energy,Middle East,3993,303336011,2024-04-13,SMB
C0850,Company_850,Manufacturing,APAC,5948,243882264,2023-07-01,SMB
C0851,Company_851,Technology,APAC,9810,9752309,2024-03-10,Enterprise
C0852,Company_852,Energy,Europe,3569,460411407,2022-01-25,SMB
C0853,Company_853,Energy,Middle East,8426,299673680,2024-10-05,Enterprise
C0854,Company_854,Technology,LATAM,5877,84809365,2021-05-12,SMB
C0855,Company_855,Financial Services,Europe,4248,436442167,2022-02-19,Mid-Market
C0856,Company_856,Retail,Europe,1314,389469338,2022-08-06,Mid-Market
C0857,Company_857,Manufacturing,Middle East,1612,320562316,2025-05-02,SMB
C0858,Company_858,Retail,LATAM,1335,419824761,2020-06-12,Mid-Market
C0859,Company_859,Healthcare,North America,3764,402406920,2025-10-01,SMB
C0860,Company_860,Manufacturing,LATAM,936,164629338,2024-01-11,SMB
C0861,Company_861,Retail,Europe,5404,270724808,2025-04-05,Enterprise
C0862,Company_862,Manufacturing,LATAM,7350,405178004,2024-10-17,Enterprise
C0863,Company_863,Financial Services,LATAM,4797,423178266,2023-03-05,Mid-Market
C0864,Company_864,Technology,LATAM,9412,401137964,2020-09-13,Mid-Market
C0865,Company_865,Technology,LATAM,8271,234265638,2025-03-25,Enterprise
C0866,Company_866,Healthcare,Middle East,3295,262918433,2023-11-19,Enterprise
C0867,Company_867,Retail,Middle East,8639,133202228,2021-02-09,Mid-Market
C0868,Company_868,Energy,Middle East,1517,61414013,2025-07-14,Mid-Market
C0869,Company_869,Energy,Europe,5304,185965403,2024-11-01,Mid-Market
C0870,Company_870,Financial Services,APAC,7295,335568372,2021-08-02,Enterprise
C0871,Company_871,Financial Services,APAC,2605,407805226,2025-02-04,SMB
C0872,Company_872,Technology,Europe,2469,467407866,2022-01-11,SMB
C0873,Company_873,Technology,APAC,7423,253968370,2020-06-07,SMB
C0874,Company_874,Retail,Europe,3389,294359266,2024-05-18,Mid-Market
C0875,Company_875,Retail,Europe,351,203189165,2024-11-17,Enterprise
C0876,Company_876,Energy,Europe,1034,153478609,2021-12-20,Mid-Market
C0877,Company_877,Technology,LATAM,186,36754418,2023-11-09,SMB
C0878,Company_878,Manufacturing,APAC,1817,11242598,2022-11-13,Enterprise
C0879,Company_879,Healthcare,Middle East,1681,486262616,2022-08-28,SMB
C0880,Company_880,Retail,North America,3104,107770309,2024-08-18,SMB
C0881,Company_881,Technology,North America,4103,496139997,2024-05-11,Mid-Market
C0882,Company_882,Healthcare,Europe,351,187176043,2025-06-12,SMB
C0883,Company_883,Energy,Europe,8262,149111020,2020-11-09,Mid-Market
C0884,Company_884,Technology,Middle East,4640,122108790,2021-06-13,SMB
C0885,Company_885,Financial Services,North America,6312,280558263,2025-10-28,SMB
C0886,Company_886,Manufacturing,Europe,6887,130042727,2024-03-14,Mid-Market
C0887,Company_887,Retail,APAC,7409,292109530,2021-04-21,Enterprise
C0888,Company_888,Retail,Middle East,3364,464098226,2021-05-23,SMB
C0889,Company_889,Retail,Europe,7096,489016781,2021-11-19,Enterprise
C0890,Company_890,Energy,North America,9181,287131548,2025-02-06,Mid-Market
C0891,Company_891,Financial Services,North America,5271,473517214,2023-07-10,Mid-Market
C0892,Company_892,Manufacturing,APAC,2539,419280360,2021-02-05,Enterprise
C0893,Company_893,Technology,Middle East,4422,326131445,2024-10-08,SMB
C0894,Company_894,Financial Services,Europe,477,193876963,2020-12-25,Mid-Market
C0895,Company_895,Financial Services,Middle East,9957,252665487,2025-11-12,Enterprise
C0896,Company_896,Healthcare,LATAM,7813,74826583,2021-04-08,Enterprise
C0897,Company_897,Healthcare,North America,4471,222751323,2021-12-22,Enterprise
C0898,Company_898,Financial Services,North America,2951,498734740,2023-10-16,SMB
C0899,Company_899,Energy,LATAM,4093,230542209,2023-01-20,SMB
C0900,Company_900,Healthcare,APAC,6507,329299178,2025-10-20,SMB
C0901,Company_901,Retail,North America,8580,59688737,2023-08-27,Enterprise
C0902,Company_902,Financial Services,Middle East,8862,213392141,2025-01-18,Mid-Market
C0903,Company_903,Retail,North America,3160,157325730,2023-07-10,Mid-Market
C0904,Company_904,Healthcare,Europe,6971,159065385,2024-01-23,SMB
C0905,Company_905,Financial Services,LATAM,7450,49555039,2025-09-04,Enterprise
C0906,Company_906,Retail,Middle East,2266,212026087,2023-06-15,Enterprise
C0907,Company_907,Financial Services,LATAM,9721,482367859,2025-04-15,Enterprise
C0908,Company_908,Energy,APAC,2736,386674490,2025-02-03,Enterprise
C0909,Company_909,Manufacturing,LATAM,5996,46798603,2024-12-13,SMB
C0910,Company_910,Retail,Middle East,2669,204301541,2024-07-02,Enterprise
C0911,Company_911,Energy,Middle East,2509,88039711,2021-03-25,SMB
C0912,Company_912,Technology,LATAM,5097,167171374,2025-08-10,SMB
C0913,Company_913,Financial Services,North America,2205,109905180,2020-10-25,Mid-Market
C0914,Company_914,Technology,LATAM,8203,460245312,2023-09-26,Enterprise
C0915,Company_915,Retail,LATAM,3947,117433259,2024-11-16,Mid-Market
C0916,Company_916,Healthcare,LATAM,1350,323775686,2024-01-08,SMB
C0917,Company_917,Energy,Middle East,9184,441299318,2021-01-06,Enterprise
C0918,Company_918,Technology,APAC,651,79047292,2020-11-19,SMB
C0919,Company_919,Energy,APAC,1486,27323514,2020-07-06,Enterprise
C0920,Company_920,Manufacturing,APAC,9797,308241874,2024-03-15,SMB
C0921,Company_921,Retail,APAC,637,50996792,2022-06-12,Mid-Market
C0922,Company_922,Technology,LATAM,9068,35856808,2022-08-05,Enterprise
C0923,Company_923,Manufacturing,APAC,5443,283959283,2023-09-07,SMB
C0924,Company_924,Financial Services,Middle East,1003,59681191,2024-12-21,SMB
C0925,Company_925,Technology,LATAM,9958,424153514,2025-05-14,SMB
C0926,Company_926,Energy,APAC,8658,309777376,2024-06-05,SMB
C0927,Company_927,Retail,LATAM,8564,392478078,2025-08-16,Enterprise
C0928,Company_928,Retail,Europe,4809,104914287,2020-02-01,Mid-Market
C0929,Company_929,Manufacturing,North America,3446,430262840,2024-07-14,Enterprise
C0930,Company_930,Energy,APAC,9231,433741316,2025-04-01,SMB
C0931,Company_931,Financial Services,APAC,4218,425232983,2020-05-10,SMB
C0932,Company_932,Retail,APAC,150,62115644,2025-06-11,Mid-Market
C0933,Company_933,Manufacturing,Middle East,527,447699560,2021-04-11,Mid-Market
C0934,Company_934,Manufacturing,LATAM,7824,429022689,2020-11-05,Mid-Market
C0935,Company_935,Financial Services,LATAM,8847,481998005,2022-08-26,Mid-Market
C0936,Company_936,Manufacturing,North America,8587,161708951,2024-12-22,Mid-Market
C0937,Company_937,Retail,Middle East,356,112810063,2024-11-11,Mid-Market
C0938,Company_938,Technology,Europe,4645,452368399,2020-06-13,SMB
C0939,Company_939,Retail,Europe,9404,326176853,2023-03-20,Enterprise
C0940,Company_940,Energy,APAC,568,146759064,2023-02-16,Enterprise
C0941,Company_941,Energy,LATAM,5008,117039213,2024-05-06,Enterprise
C0942,Company_942,Energy,North America,3361,491353112,2020-08-17,Enterprise
C0943,Company_943,Healthcare,Middle East,2574,103119119,2022-08-24,SMB
C0944,Company_944,Energy,APAC,2397,414112176,2020-09-22,Enterprise
C0945,Company_945,Financial Services,North America,7576,209084837,2025-09-04,Enterprise
C0946,Company_946,Energy,North America,9786,469084376,2020-06-15,Enterprise
C0947,Company_947,Technology,Middle East,5169,13068996,2024-05-21,Enterprise
C0948,Company_948,Energy,Europe,3204,154849689,2022-09-11,Mid-Market
C0949,Company_949,Manufacturing,North America,4517,81165954,2021-05-04,Enterprise
C0950,Company_950,Retail,Middle East,8472,55962318,2021-09-12,SMB
C0951,Company_951,Energy,APAC,2369,379147010,2022-10-08,Enterprise
C0952,Company_952,Technology,APAC,5599,291220121,2023-01-05,Enterprise
C0953,Company_953,Healthcare,North America,1785,206943489,2020-02-14,Mid-Market
C0954,Company_954,Financial Services,Middle East,9761,338944502,2025-12-15,SMB
C0955,Company_955,Energy,APAC,5494,439860820,2021-12-25,SMB
C0956,Company_956,Retail,North America,7679,305829560,2021-02-27,SMB
C0957,Company_957,Healthcare,North America,7514,167640267,2025-11-23,Mid-Market
C0958,Company_958,Healthcare,Europe,3716,78159991,2024-05-12,Mid-Market
C0959,Company_959,Financial Services,APAC,5370,244354493,2023-01-03,Mid-Market
C0960,Company_960,Technology,APAC,7892,248627240,2021-05-25,Mid-Market
C0961,Company_961,Retail,Middle East,2137,273703400,2020-07-27,SMB
C0962,Company_962,Technology,APAC,9161,349671572,2020-05-18,Mid-Market
C0963,Company_963,Healthcare,Middle East,6823,129084132,2024-04-18,Enterprise
C0964,Company_964,Healthcare,LATAM,1132,183919520,2021-12-19,Mid-Market
C0965,Company_965,Healthcare,Middle East,5656,293340643,2025-04-06,SMB
C0966,Company_966,Manufacturing,North America,9457,450225765,2023-02-19,SMB
C0967,Company_967,Healthcare,APAC,9144,53427541,2023-03-10,Mid-Market
C0968,Company_968,Technology,Middle East,1831,369029668,2024-07-11,Mid-Market
C0969,Company_969,Manufacturing,North America,1533,117829430,2021-10-25,SMB
C0970,Company_970,Technology,Europe,2494,244188789,2024-05-13,SMB
C0971,Company_971,Retail,LATAM,3255,111413774,2025-06-10,SMB
C0972,Company_972,Manufacturing,APAC,7172,386361225,2022-02-19,Enterprise
C0973,Company_973,Retail,Middle East,6672,456071515,2021-05-02,Mid-Market
C0974,Company_974,Retail,North America,63,378610369,2024-06-04,Mid-Market
C0975,Company_975,Technology,Europe,7123,378002502,2024-07-21,Mid-Market
C0976,Company_976,Manufacturing,LATAM,6702,205851172,2023-09-07,SMB
C0977,Company_977,Financial Services,LATAM,2328,102053512,2024-07-27,Mid-Market
C0978,Company_978,Healthcare,Europe,4776,469546407,2025-03-05,Enterprise
C0979,Company_979,Technology,North America,2409,388266050,2023-11-14,Enterprise
C0980,Company_980,Technology,Europe,6863,462790996,2023-12-20,Mid-Market
C0981,Company_981,Retail,Europe,7494,274490051,2023-09-27,Mid-Market
C0982,Company_982,Healthcare,APAC,3748,100745803,2023-10-01,SMB
C0983,Company_983,Healthcare,Europe,8270,145552732,2023-09-19,Mid-Market
C0984,Company_984,Technology,North America,9358,260452602,2025-06-04,SMB
C0985,Company_985,Healthcare,North America,2377,393015337,2025-09-28,Mid-Market
C0986,Company_986,Healthcare,Middle East,1331,281975037,2024-02-08,Mid-Market
C0987,Company_987,Manufacturing,North America,8884,429475729,2024-05-20,Enterprise
C0988,Company_988,Energy,Middle East,226,252722024,2023-09-16,SMB
C0989,Company_989,Manufacturing,APAC,6947,190469548,2022-05-06,Enterprise
C0990,Company_990,Manufacturing,Middle East,5031,391289964,2024-05-02,SMB
C0991,Company_991,Healthcare,Middle East,2820,308551868,2020-11-10,SMB
C0992,Company_992,Retail,North America,4749,261253645,2020-03-17,Enterprise
C0993,Company_993,Energy,APAC,2221,331603905,2022-05-28,Mid-Market
C0994,Company_994,Technology,North America,9943,94745092,2024-12-05,SMB
C0995,Company_995,Healthcare,APAC,2923,141258912,2025-04-16,Enterprise
C0996,Company_996,Retail,North America,5667,46312689,2021-10-27,Enterprise
C0997,Company_997,Healthcare,LATAM,6327,128747057,2025-08-24,SMB
C0998,Company_998,Financial Services,Europe,9515,395257117,2022-01-21,Mid-Market
C0999,Company_999,Technology,North America,2795,250116118,2023-08-10,Mid-Market
C1000,Company_1000,Manufacturing,Middle East,3878,204903999,2025-12-13,Mid-Market
